invoice_number,recipient_gstin,itc_claimed,claim_period
INV-D001,29EXTAX0001Z1Z5,1000.00,012026
INV-D002,29EXTAX0001Z1Z5,1000.00,012026
INV-D003,29EXTAX0001Z1Z5,1000.00,012026
INV-D004,29EXTAX0001Z1Z5,1000.00,012026
INV-D005,29AAAAA0001A1Z5,100.00,012026
INV-D006,29AAAAA0001A1Z5,100.00,012026
INV-D007,29AAAAA0001A1Z5,100.00,012026
INV-D008,29AAAAA0001A1Z5,100.00,012026
INV-D009,29AAAAA0001A1Z5,100.00,012026
INV-D010,29AAAAA0001A1Z5,2000.00,012026
INV-D011,29AAAAA0001A1Z5,2000.00,012026
INV-D012,29AAAAA0001A1Z5,2000.00,012026
INV-D013,29AAAAA0006F1Z5,1000.00,012026
INV-D014,29AAAAA0005E1Z5,1000.00,012026
INV-D015,29AAAAA0001A1Z5,100.00,012026
INV-D016,29AAAAA0001A1Z5,100.00,012026
INV-D017,29AAAAA0001A1Z5,100.00,012026
INV-D018,29AAAAA0001A1Z5,100.00,012026
INV-D019,29AAAAA0001A1Z5,100.00,012026
INV-D020,29AAAAA0001A1Z5,100.00,012026
INV-D021,29AAAAA0001A1Z5,100.00,012026
INV-D022,29AAAAA0001A1Z5,100.00,012026
INV-D023,29AAAAA0008H1Z5,1000.00,012026
INV-D024,29AAAAA0008H1Z5,1000.00,012026
INV-D025,29AAAAA0007G1Z5,1000.00,012026
