invoice_number,supplier_gstin,recipient_gstin,invoice_date,invoice_value,cgst_amount,sgst_amount,igst_amount,supply_type
INV-D001,29AAAAA0001A1Z5,29EXTAX0001Z1Z5,2026-01-05,10000.00,0.0,0.0,1000.00,INTER_STATE
INV-D002,29AAAAA0001A1Z5,29EXTAX0001Z1Z5,2026-01-06,10000.00,0.0,0.0,1000.00,INTER_STATE
INV-D003,29AAAAA0001A1Z5,29EXTAX0001Z1Z5,2026-01-07,10000.00,0.0,0.0,1000.00,INTER_STATE
INV-D004,29AAAAA0001A1Z5,29EXTAX0001Z1Z5,2026-01-08,10000.00,0.0,0.0,1000.00,INTER_STATE
INV-D005,29AAAAA0002B1Z5,29AAAAA0001A1Z5,2026-01-05,10000.00,0.0,0.0,1000.00,INTER_STATE
INV-D006,29AAAAA0002B1Z5,29AAAAA0001A1Z5,2026-01-06,10000.00,0.0,0.0,1000.00,INTER_STATE
INV-D007,29AAAAA0002B1Z5,29AAAAA0001A1Z5,2026-01-07,10000.00,0.0,0.0,1000.00,INTER_STATE
INV-D008,29AAAAA0002B1Z5,29AAAAA0001A1Z5,2026-01-08,10000.00,0.0,0.0,1000.00,INTER_STATE
INV-D009,29AAAAA0002B1Z5,29AAAAA0001A1Z5,2026-01-09,10000.00,0.0,0.0,1000.00,INTER_STATE
INV-D010,29AAAAA0003C1Z5,29AAAAA0001A1Z5,2026-01-05,20000.00,0.0,0.0,2000.00,INTER_STATE
INV-D011,29AAAAA0003C1Z5,29AAAAA0001A1Z5,2026-01-06,20000.00,0.0,0.0,2000.00,INTER_STATE
INV-D012,29AAAAA0003C1Z5,29AAAAA0001A1Z5,2026-01-07,20000.00,0.0,0.0,2000.00,INTER_STATE
INV-D013,29AAAAA0005E1Z5,29AAAAA0006F1Z5,2026-01-05,10000.00,0.0,0.0,1000.00,INTER_STATE
INV-D014,29AAAAA0006F1Z5,29AAAAA0005E1Z5,2026-01-06,10000.00,0.0,0.0,1000.00,INTER_STATE
INV-D015,29AAAAA0007G1Z5,29AAAAA0001A1Z5,2026-01-05,10000.00,0.0,0.0,1000.00,INTER_STATE
INV-D016,29AAAAA0007G1Z5,29AAAAA0001A1Z5,2026-01-06,10000.00,0.0,0.0,1000.00,INTER_STATE
INV-D017,29AAAAA0007G1Z5,29AAAAA0001A1Z5,2026-01-07,10000.00,0.0,0.0,1000.00,INTER_STATE
INV-D018,29AAAAA0007G1Z5,29AAAAA0001A1Z5,2026-01-08,10000.00,0.0,0.0,1000.00,INTER_STATE
INV-D019,29AAAAA0007G1Z5,29AAAAA0001A1Z5,2026-01-09,10000.00,0.0,0.0,1000.00,INTER_STATE
INV-D020,29AAAAA0007G1Z5,29AAAAA0001A1Z5,2026-01-10,10000.00,0.0,0.0,1000.00,INTER_STATE
INV-D021,29AAAAA0007G1Z5,29AAAAA0001A1Z5,2026-01-11,10000.00,0.0,0.0,1000.00,INTER_STATE
INV-D022,29AAAAA0007G1Z5,29AAAAA0001A1Z5,2026-01-12,10000.00,0.0,0.0,1000.00,INTER_STATE
INV-D023,29AAAAA0007G1Z5,29AAAAA0008H1Z5,2026-01-13,10000.00,0.0,0.0,1000.00,INTER_STATE
INV-D024,29AAAAA0007G1Z5,29AAAAA0008H1Z5,2026-01-14,10000.00,0.0,0.0,1000.00,INTER_STATE
INV-D025,29AAAAA0008H1Z5,29AAAAA0007G1Z5,2026-01-15,10000.00,0.0,0.0,1000.00,INTER_STATE
